year,month,label,category,ventes,ventes_yoy,inscriptions,inscriptions_yoy,prix,prix_yoy,jours,jours_delta,ventes_ytd,url
2019,8,Août 2019,copropriete,774,,,,345000,,,,,https://apciqca-152af.kxcdn.com/wp-content/uploads/sites/4/2019/09/201908-tableaux-web-mensuels-fr.pdf
2019,8,Août 2019,plex,251,,,,575000,,,,,https://apciqca-152af.kxcdn.com/wp-content/uploads/sites/4/2019/09/201908-tableaux-web-mensuels-fr.pdf
2019,9,Septembre 2019,copropriete,766,9.0,3200,-22.0,356750,10.0,69,-16.0,7797,https://com.apciq.ca/sam/pdf/stats/2019/tableaux-web-201909-fr.pdf
2019,9,Septembre 2019,plex,268,17.0,1147,-20.0,615000,9.0,57,-16.0,2520,https://com.apciq.ca/sam/pdf/stats/2019/tableaux-web-201909-fr.pdf
2019,10,Octobre 2019,copropriete,816,1.0,3183,-20.0,355250,8.0,60,-18.0,8608,https://com.apciq.ca/sam/pdf/stats/tableaux-web-201910-fr.pdf
2019,10,Octobre 2019,plex,320,19.0,1153,-22.0,611250,8.0,73,10.0,2835,https://com.apciq.ca/sam/pdf/stats/tableaux-web-201910-fr.pdf
2019,11,Novembre 2019,copropriete,831,10.0,3006,-23.0,360000,18.0,65,-16.0,9436,https://com.apciq.ca/sam/pdf/stats/2019/tableaux-web-201911-fr.pdf
2019,11,Novembre 2019,plex,305,3.0,1122,-25.0,619000,11.0,59,-8.0,3137,https://com.apciq.ca/sam/pdf/stats/2019/tableaux-web-201911-fr.pdf
2019,12,Décembre 2019,copropriete,718,23.0,2551,-26.0,360000,13.0,73,-12.0,10154,https://com.apciq.ca/sam/pdf/stats/2019/tableaux-web-201912-fr.pdf
2019,12,Décembre 2019,plex,284,19.0,928,-28.0,652000,13.0,70,-4.0,3420,https://com.apciq.ca/sam/pdf/stats/2019/tableaux-web-201912-fr.pdf
2020,1,Janvier 2020,copropriete,663,21.0,2588,-32.0,369000,18.0,71,-14.0,663,https://com.apciq.ca/sam/pdf/stats/2020/stats-202001-fr.pdf
2020,1,Janvier 2020,plex,214,20.0,927,-33.0,647000,17.0,66,-9.0,214,https://com.apciq.ca/sam/pdf/stats/2020/stats-202001-fr.pdf
2020,2,Février 2020,copropriete,931,9.0,3592,-12.0,380000,17.0,57,-18.0,1594,https://com.apciq.ca/sam/pdf/stats/2020/stats-202002-fr.pdf
2020,2,Février 2020,plex,286,25.0,1313,-11.0,651500,11.0,56,-19.0,500,https://com.apciq.ca/sam/pdf/stats/2020/stats-202002-fr.pdf
2020,3,Mars 2020,copropriete,992,-8.0,2576,-38.0,385000,20.0,48,-17.0,2582,https://com.apciq.ca/sam/pdf/stats/2020/stats-202003-fr.pdf
2020,3,Mars 2020,plex,307,7.0,982,-36.0,670000,18.0,46,-19.0,806,https://com.apciq.ca/sam/pdf/stats/2020/stats-202003-fr.pdf
2020,5,Mai 2020,copropriete,518,-49.0,3017,-22.0,369900,8.0,59,-7.0,3420,https://com.apciq.ca/sam/pdf/stats/2020/stats-202005-fr.pdf
2020,5,Mai 2020,plex,155,-61.0,1012,-28.0,656500,10.0,66,2.0,1055,https://com.apciq.ca/sam/pdf/stats/2020/stats-202005-fr.pdf
2020,6,Juin 2020,copropriete,856,0.0,3595,3.0,390000,18.0,42,-23.0,4271,https://com.apciq.ca/sam/pdf/stats/2020/stats-202006-fr.pdf
2020,6,Juin 2020,plex,279,-9.0,1035,-15.0,675000,15.0,58,-23.0,1328,https://com.apciq.ca/sam/pdf/stats/2020/stats-202006-fr.pdf
2020,7,Juillet 2020,copropriete,987,32.0,3811,17.0,395000,14.0,38,-23.0,5255,https://com.apciq.ca/sam/pdf/stats/2020/stats-202007-fr.pdf
2020,7,Juillet 2020,plex,321,23.0,936,-20.0,693000,12.0,66,-4.0,1648,https://com.apciq.ca/sam/pdf/stats/2020/stats-202007-fr.pdf
2020,8,Août 2020,copropriete,999,30.0,4075,29.0,384000,11.0,39,-33.0,6254,https://com.apciq.ca/sam/pdf/stats/2020/stats-202008-fr.pdf
2020,8,Août 2020,plex,250,1.0,998,-9.0,695000,21.0,59,-17.0,1898,https://com.apciq.ca/sam/pdf/stats/2020/stats-202008-fr.pdf
2020,9,Septembre 2020,copropriete,977,28.0,4545,41.0,392250,10.0,44,-24.0,7228,https://com.apciq.ca/sam/pdf/stats/2020/stats-202009-fr.pdf
2020,9,Septembre 2020,plex,290,10.0,1223,6.0,699000,14.0,47,-10.0,2188,https://com.apciq.ca/sam/pdf/stats/2020/stats-202009-fr.pdf
2020,10,Octobre 2020,copropriete,1083,33.0,4689,48.0,390000,10.0,40,-20.0,8301,https://com.apciq.ca/sam/pdf/stats/2020/stats-202010-fr.pdf
2020,10,Octobre 2020,plex,392,23.0,1250,9.0,700000,15.0,45,-28.0,2576,https://com.apciq.ca/sam/pdf/stats/2020/stats-202010-fr.pdf
2020,11,Novembre 2020,copropriete,996,20.0,4670,57.0,400000,11.0,47,-17.0,9297,https://com.apciq.ca/sam/pdf/stats/2020/stats-202011-fr.pdf
2020,11,Novembre 2020,plex,369,21.0,1286,16.0,715000,16.0,48,-11.0,2945,https://com.apciq.ca/sam/pdf/stats/2020/stats-202011-fr.pdf
2020,12,Décembre 2020,copropriete,856,21.0,4137,69.0,400000,11.0,53,-19.0,10147,https://com.apciq.ca/sam/pdf/stats/2020/stats-202012-fr.pdf
2020,12,Décembre 2020,plex,350,24.0,1128,28.0,725000,11.0,46,-24.0,3292,https://com.apciq.ca/sam/pdf/stats/2020/stats-202012-fr.pdf
2021,1,Janvier 2021,copropriete,750,14.0,4027,55.0,395000,7.0,62,-9.0,750,https://com.apciq.ca/sam/pdf/stats/2021/stats-202101-fr.pdf
2021,1,Janvier 2021,plex,277,31.0,985,8.0,710000,9.0,57,-9.0,277,https://com.apciq.ca/sam/pdf/stats/2021/stats-202101-fr.pdf
2021,2,Février 2021,copropriete,1075,16.0,4106,54.0,400000,5.0,60,3.0,1825,https://com.apciq.ca/sam/pdf/stats/2021/stats-202102-fr.pdf
2021,2,Février 2021,plex,284,3.0,1021,1.0,750000,15.0,61,4.0,561,https://com.apciq.ca/sam/pdf/stats/2021/stats-202102-fr.pdf
2021,3,Mars 2021,copropriete,1426,45.0,4127,59.0,403500,5.0,55,7.0,3248,https://com.apciq.ca/sam/pdf/stats/2021/stats-202103-fr.pdf
2021,3,Mars 2021,plex,368,22.0,1164,18.0,740000,10.0,49,3.0,926,https://com.apciq.ca/sam/pdf/stats/2021/stats-202103-fr.pdf
2021,4,Avril 2021,copropriete,1401,,3954,57.0,415000,,52,56.0,4641,https://com.apciq.ca/sam/pdf/stats/2021/stats-202104-fr.pdf
2021,4,Avril 2021,plex,374,,1238,33.0,774500,,44,-6.0,1294,https://com.apciq.ca/sam/pdf/stats/2021/stats-202104-fr.pdf
2021,5,Mai 2021,copropriete,1226,,3899,,421000,,51,66.0,5867,https://com.apciq.ca/sam/pdf/stats/2021/stats-202105-fr.pdf
2021,5,Mai 2021,plex,375,,1314,,760000,,42,64.0,1669,https://com.apciq.ca/sam/pdf/stats/2021/stats-202105-fr.pdf
2021,6,Juin 2021,copropriete,1014,19.0,3871,10.0,420000,8.0,41,-1.0,6875,https://com.apciq.ca/sam/pdf/stats/2021/stats-202106-fr.pdf
2021,6,Juin 2021,plex,349,26.0,1304,33.0,780000,15.0,37,-22.0,2018,https://com.apciq.ca/sam/pdf/stats/2021/stats-202106-fr.pdf
2021,7,Juillet 2021,copropriete,835,-15.0,3583,-5.0,416250,5.0,50,12.0,7706,https://com.apciq.ca/sam/pdf/stats/2021/stats-202107-fr.pdf
2021,7,Juillet 2021,plex,284,-11.0,1187,32.0,753250,9.0,47,-18.0,2301,https://com.apciq.ca/sam/pdf/stats/2021/stats-202107-fr.pdf
2021,8,Août 2021,copropriete,751,-25.0,3460,-14.0,430000,12.0,54,15.0,8454,https://com.apciq.ca/sam/pdf/stats/2021/stats-202108-fr.pdf
2021,8,Août 2021,plex,224,-9.0,1188,21.0,749700,8.0,51,-8.0,2522,https://com.apciq.ca/sam/pdf/stats/2021/stats-202108-fr.pdf
2021,9,Septembre 2021,copropriete,842,-13.0,3573,-20.0,428000,9.0,56,13.0,9294,https://com.apciq.ca/sam/pdf/stats/2021/stats-202109-fr.pdf
2021,9,Septembre 2021,plex,244,-16.0,1291,7.0,771250,10.0,54,7.0,2760,https://com.apciq.ca/sam/pdf/stats/2021/stats-202109-fr.pdf
2021,10,Octobre 2021,copropriete,935,-13.0,3536,-24.0,439000,13.0,52,12.0,10223,https://com.apciq.ca/sam/pdf/stats/2021/stats-202110-fr.pdf
2021,10,Octobre 2021,plex,308,-21.0,1314,7.0,775000,11.0,56,11.0,3063,https://com.apciq.ca/sam/pdf/stats/2021/stats-202110-fr.pdf
2021,11,Novembre 2021,copropriete,934,-6.0,3324,-28.0,426000,7.0,49,2.0,11156,https://com.apciq.ca/sam/pdf/stats/2021/stats-202111-fr.pdf
2021,11,Novembre 2021,plex,326,-10.0,1303,3.0,775000,9.0,46,-2.0,3386,https://com.apciq.ca/sam/pdf/stats/2021/stats-202111-fr.pdf
2021,12,Décembre 2021,copropriete,798,-6.0,2654,,430000,8.0,62,9.0,11950,https://com.apciq.ca/sam/pdf/stats/2021/stats-202112-fr.pdf
2021,12,Décembre 2021,plex,273,,958,-6.0,780000,8.0,49,4.0,3656,https://com.apciq.ca/sam/pdf/stats/2021/stats-202112-fr.pdf
2022,1,Janvier 2022,copropriete,652,,2824,,423400,7.0,65,3.0,652,https://com.apciq.ca/sam/pdf/stats/2022/stats-202201-fr.pdf
2022,1,Janvier 2022,plex,187,,892,4.0,790000,12.0,62,6.0,187,https://com.apciq.ca/sam/pdf/stats/2022/stats-202201-fr.pdf
2022,2,Février 2022,copropriete,967,,3016,,440000,10.0,51,-9.0,1619,https://com.apciq.ca/sam/pdf/stats/2022/stats-202202-fr.pdf
2022,2,Février 2022,plex,281,0.0,950,7.0,804000,7.0,54,-7.0,468,https://com.apciq.ca/sam/pdf/stats/2022/stats-202202-fr.pdf
2022,3,Mars 2022,copropriete,1294,-9.0,3089,,455250,13.0,44,-11.0,2910,https://com.apciq.ca/sam/pdf/stats/2022/stats-202203-fr.pdf
2022,3,Mars 2022,plex,333,-9.0,1082,2.0,805000,9.0,56,7.0,800,https://com.apciq.ca/sam/pdf/stats/2022/stats-202203-fr.pdf
2022,4,Avril 2022,copropriete,1145,,3114,,459000,11.0,39,-13.0,4053,https://com.apciq.ca/sam/pdf/stats/2022/stats-202204-fr.pdf
2022,4,Avril 2022,plex,326,,1107,0.0,846500,9.0,46,2.0,1124,https://com.apciq.ca/sam/pdf/stats/2022/stats-202204-fr.pdf
2022,5,Mai 2022,copropriete,1106,,3262,,457000,9.0,36,-15.0,5155,https://com.apciq.ca/sam/pdf/stats/2022/stats-202205-fr.pdf
2022,5,Mai 2022,plex,305,,1165,-6.0,812500,7.0,43,1.0,1425,https://com.apciq.ca/sam/pdf/stats/2022/stats-202205-fr.pdf
2022,6,Juin 2022,copropriete,838,,3548,-2.0,465000,11.0,37,-4.0,5987,https://com.apciq.ca/sam/pdf/stats/2022/stats-202206-fr.pdf
2022,6,Juin 2022,plex,270,,1165,-2.0,821000,5.0,44,7.0,1694,https://com.apciq.ca/sam/pdf/stats/2022/stats-202206-fr.pdf
2022,7,Juillet 2022,copropriete,620,-26.0,3805,8.0,442000,6.0,40,-10.0,6599,https://com.apciq.ca/sam/pdf/stats/2022/stats-202207-fr.pdf
2022,7,Juillet 2022,plex,172,-38.0,1380,18.0,809000,7.0,48,1.0,1863,https://com.apciq.ca/sam/pdf/stats/2022/stats-202207-fr.pdf
2022,8,Août 2022,copropriete,520,,4020,18.0,430000,0.0,45,-8.0,7114,https://com.apciq.ca/sam/pdf/stats/2022/stats-202208-fr.pdf
2022,8,Août 2022,plex,137,,1455,24.0,770000,3.0,50,-1.0,1996,https://com.apciq.ca/sam/pdf/stats/2022/stats-202208-fr.pdf
2022,9,Septembre 2022,copropriete,483,-43.0,4351,25.0,415000,-3.0,50,-6.0,7593,https://com.apciq.ca/sam/pdf/stats/2022/stats-202209-fr.pdf
2022,9,Septembre 2022,plex,131,-46.0,1634,30.0,747500,-3.0,53,-1.0,2123,https://com.apciq.ca/sam/pdf/stats/2022/stats-202209-fr.pdf
2022,10,Octobre 2022,copropriete,532,-43.0,4467,28.0,440000,0.0,53,1.0,8120,https://com.apciq.ca/sam/pdf/stats/2022/stats-202210-fr.pdf
2022,10,Octobre 2022,plex,181,-40.0,1652,30.0,760000,-2.0,53,-4.0,2301,https://com.apciq.ca/sam/pdf/stats/2022/stats-202210-fr.pdf
2022,11,Novembre 2022,copropriete,559,,4536,38.0,430000,1.0,55,6.0,8677,https://com.apciq.ca/sam/pdf/stats/2022/stats-202211-fr.pdf
2022,11,Novembre 2022,plex,134,,1696,33.0,762000,-2.0,57,11.0,2433,https://com.apciq.ca/sam/pdf/stats/2022/stats-202211-fr.pdf
2022,12,Décembre 2022,copropriete,466,,4072,57.0,435000,1.0,67,6.0,9139,https://com.apciq.ca/sam/pdf/stats/2022/stats-202212-fr.pdf
2022,12,Décembre 2022,plex,139,,1503,50.0,732000,-6.0,61,12.0,2571,https://com.apciq.ca/sam/pdf/stats/2022/stats-202212-fr.pdf
2023,1,Janvier 2023,copropriete,366,-43.0,4079,40.0,414500,-2.0,84,19.0,366,https://com.apciq.ca/sam/pdf/stats/2023/stats-202301-fr.pdf
2023,1,Janvier 2023,plex,103,-45.0,1398,37.0,740000,-6.0,74,12.0,103,https://com.apciq.ca/sam/pdf/stats/2023/stats-202301-fr.pdf
2023,2,Février 2023,copropriete,617,,4331,41.0,440000,0.0,67,16.0,983,https://com.apciq.ca/sam/pdf/stats/2023/stats-202302-fr.pdf
2023,2,Février 2023,plex,133,,1501,42.0,760000,-7.0,88,34.0,236,https://com.apciq.ca/sam/pdf/stats/2023/stats-202302-fr.pdf
2023,4,Avril 2023,copropriete,766,,4683,49.0,440000,-4.0,59,21.0,2547,http://com.apciq.ca/sam/pdf/stats/2023/stats-202304-fr.pdf
2023,4,Avril 2023,plex,224,,1529,32.0,765000,,73,27.0,652,http://com.apciq.ca/sam/pdf/stats/2023/stats-202304-fr.pdf
2023,5,Mai 2023,copropriete,982,,4624,37.0,453500,-1.0,60,24.0,3527,http://com.apciq.ca/sam/pdf/stats/2023/stats-cp-fr-mai-2023.pdf
2023,5,Mai 2023,plex,278,-8.0,1524,21.0,760628,-6.0,75,31.0,930,http://com.apciq.ca/sam/pdf/stats/2023/stats-cp-fr-mai-2023.pdf
2023,6,Juin 2023,copropriete,743,,4603,27.0,439000,-6.0,56,19.0,4266,http://com.apciq.ca/sam/pdf/stats/stats-cp-fr-juin-2023.pdf
2023,6,Juin 2023,plex,210,,1522,16.0,776389,-6.0,68,26.0,1137,http://com.apciq.ca/sam/pdf/stats/stats-cp-fr-juin-2023.pdf
2023,7,Juillet 2023,copropriete,643,4.0,4464,20.0,452700,2.0,62,22.0,4905,http://com.apciq.ca/sam/pdf/stats/2023/stats-202307-fr.pdf
2023,7,Juillet 2023,plex,214,26.0,1366,1.0,765000,-5.0,70,23.0,1350,http://com.apciq.ca/sam/pdf/stats/2023/stats-202307-fr.pdf
2023,8,Août 2023,copropriete,553,7.0,4533,15.0,449900,5.0,59,14.0,5452,http://com.apciq.ca/sam/pdf/stats/2023/stats-cp-fr-aout-2023.pdf
2023,8,Août 2023,plex,187,40.0,1384,-3.0,780000,2.0,68,18.0,1535,http://com.apciq.ca/sam/pdf/stats/2023/stats-cp-fr-aout-2023.pdf
2023,9,Septembre 2023,copropriete,583,21.0,4715,12.0,445000,7.0,65,15.0,6027,http://com.apciq.ca/sam/pdf/stats/stats-cp-fr-septembre-2023.pdf
2023,9,Septembre 2023,plex,168,30.0,1516,-4.0,788500,5.0,74,24.0,1701,http://com.apciq.ca/sam/pdf/stats/stats-cp-fr-septembre-2023.pdf
2023,10,Octobre 2023,copropriete,539,2.0,4961,14.0,451000,2.0,57,4.0,6566,http://com.apciq.ca/sam/pdf/stats/2023/stats-cp-fr-octobre-2023.pdf
2023,10,Octobre 2023,plex,194,8.0,1561,-3.0,775000,2.0,56,3.0,1895,http://com.apciq.ca/sam/pdf/stats/2023/stats-cp-fr-octobre-2023.pdf
2023,11,Novembre 2023,copropriete,602,8.0,4904,10.0,449000,4.0,66,11.0,7166,http://com.apciq.ca/sam/pdf/stats/2023/stats-cp-fr-11-2023.pdf
2023,11,Novembre 2023,plex,170,27.0,1627,-2.0,773500,2.0,65,8.0,2064,http://com.apciq.ca/sam/pdf/stats/2023/stats-cp-fr-11-2023.pdf
2023,12,Décembre 2023,copropriete,443,-3.0,4383,18.0,446000,3.0,75,8.0,7499,http://com.apciq.ca/sam/pdf/stats/2023/stats-cp-fr-12-2023.pdf
2023,12,Décembre 2023,plex,157,17.0,1449,9.0,775000,5.0,78,19.0,2167,http://com.apciq.ca/sam/pdf/stats/2023/stats-cp-fr-12-2023.pdf
2024,1,Janvier 2024,copropriete,402,11.0,4608,16.0,450000,8.0,85,1.0,402,https://com.apciq.ca/sam/pdf/stats/2024/stats-cp-fr-01-2024.pdf
2024,1,Janvier 2024,plex,97,-3.0,1442,8.0,725000,-2.0,92,16.0,97,https://com.apciq.ca/sam/pdf/stats/2024/stats-cp-fr-01-2024.pdf
2024,2,Février 2024,copropriete,800,34.0,4956,18.0,455000,4.0,67,0.0,1202,https://com.apciq.ca/apciq/stats-cp-fr-fev-2024.pdf
2024,2,Février 2024,plex,191,52.0,1521,5.0,795000,4.0,76,-10.0,288,https://com.apciq.ca/apciq/stats-cp-fr-fev-2024.pdf
2024,3,Mars 2024,copropriete,852,7.0,5309,19.0,454000,6.0,65,2.0,2057,https://apciqca-152af.kxcdn.com/wp-content/uploads/sites/4/2024/04/stats-202403-fr.pdf
2024,3,Mars 2024,plex,233,21.0,1594,6.0,795000,5.0,76,-2.0,522,https://apciqca-152af.kxcdn.com/wp-content/uploads/sites/4/2024/04/stats-202403-fr.pdf
2024,4,Avril 2024,copropriete,968,27.0,5512,20.0,460000,5.0,64,6.0,3025,https://com.apciq.ca/sam/pdf/stats/2024/stats-202404-fr.pdf
2024,4,Avril 2024,plex,263,19.0,1650,11.0,807000,6.0,74,2.0,785,https://com.apciq.ca/sam/pdf/stats/2024/stats-202404-fr.pdf
2024,5,Mai 2024,copropriete,963,-1.0,5666,24.0,460000,1.0,61,1.0,3981,https://com.apciq.ca/sam/pdf/stats/2024/stats-202405-fr.pdf
2024,5,Mai 2024,plex,285,3.0,1744,16.0,830000,9.0,74,-1.0,1067,https://com.apciq.ca/sam/pdf/stats/2024/stats-202405-fr.pdf
2024,6,Juin 2024,copropriete,807,9.0,5714,30.0,455000,4.0,61,5.0,4784,https://com.apciq.ca/sam/pdf/stats/2024/stats-202406-fr.pdf
2024,6,Juin 2024,plex,280,35.0,1664,16.0,824500,6.0,68,2.0,1345,https://com.apciq.ca/sam/pdf/stats/2024/stats-202406-fr.pdf
2024,7,Juillet 2024,copropriete,747,17.0,5467,25.0,459950,2.0,68,6.0,5531,https://com.apciq.ca/sam/pdf/stats/2024/stats-202407-fr.pdf
2024,7,Juillet 2024,plex,197,-8.0,1552,17.0,833000,9.0,75,5.0,1542,https://com.apciq.ca/sam/pdf/stats/2024/stats-202407-fr.pdf
2024,8,Août 2024,copropriete,632,15.0,5332,20.0,460000,2.0,64,5.0,6162,https://com.apciq.ca/sam/pdf/stats/2024/stats-202408-fr.pdf
2024,8,Août 2024,plex,187,1.0,1506,11.0,810000,4.0,92,24.0,1723,https://com.apciq.ca/sam/pdf/stats/2024/stats-202408-fr.pdf
2024,9,Septembre 2024,copropriete,664,14.0,5587,21.0,462150,4.0,69,4.0,6826,https://com.apciq.ca/sam/pdf/stats/2024/stats-202409-fr.pdf
2024,9,Septembre 2024,plex,193,16.0,1567,7.0,845000,7.0,76,2.0,1916,https://com.apciq.ca/sam/pdf/stats/2024/stats-202409-fr.pdf
2024,10,Octobre 2024,copropriete,794,48.0,5571,15.0,478950,6.0,62,5.0,7615,https://com.apciq.ca/sam/pdf/stats/2024/stats-202410-fr.pdf
2024,10,Octobre 2024,plex,240,26.0,1540,1.0,845000,9.0,67,10.0,2152,https://com.apciq.ca/sam/pdf/stats/2024/stats-202410-fr.pdf
2024,11,Novembre 2024,copropriete,812,35.0,5392,12.0,477000,6.0,66,0.0,8414,https://com.apciq.ca/sam/pdf/stats/2024/stats-202411-fr.pdf
2024,11,Novembre 2024,plex,268,58.0,1445,-9.0,836000,8.0,72,7.0,2418,https://com.apciq.ca/sam/pdf/stats/2024/stats-202411-fr.pdf
2024,12,Décembre 2024,copropriete,675,52.0,4688,14.0,465000,4.0,75,1.0,9088,https://com.apciq.ca/fsmi-stats/mensuelles/2024/stats-202412-fr.pdf
2024,12,Décembre 2024,plex,235,51.0,1247,-8.0,840000,10.0,78,1.0,2647,https://com.apciq.ca/fsmi-stats/mensuelles/2024/stats-202412-fr.pdf
2025,1,Janvier 2025,copropriete,596,48.0,4852,6.0,466000,2.0,83,-3.0,596,https://com.apciq.ca/fsmi-stats/mensuelles/2025/stats-202501-fr.pdf
2025,1,Janvier 2025,plex,142,43.0,1218,-15.0,831000,15.0,72,-19.0,142,https://com.apciq.ca/fsmi-stats/mensuelles/2025/stats-202501-fr.pdf
2025,2,Février 2025,copropriete,845,5.0,5295,7.0,475000,4.0,66,-1.0,1441,https://com.apciq.ca/fsmi-stats/mensuelles/2025/stats-202502-fr.pdf
2025,2,Février 2025,plex,220,16.0,1268,-16.0,860000,8.0,78,2.0,362,https://com.apciq.ca/fsmi-stats/mensuelles/2025/stats-202502-fr.pdf
2025,3,Mars 2025,copropriete,1013,19.0,5735,10.0,482500,6.0,61,-4.0,2453,https://com.apciq.ca/fsmi-stats/mensuelles/2025/stats-202503-fr.pdf
2025,3,Mars 2025,plex,258,11.0,1380,-11.0,900000,13.0,76,0.0,620,https://com.apciq.ca/fsmi-stats/mensuelles/2025/stats-202503-fr.pdf
2025,4,Avril 2025,copropriete,1051,9.0,5974,11.0,475000,3.0,51,-9.0,3498,https://com.apciq.ca/fsmi-stats/mensuelles/2025/stats-202504-fr.pdf
2025,4,Avril 2025,plex,293,13.0,1468,-9.0,860000,7.0,54,-15.0,910,https://com.apciq.ca/fsmi-stats/mensuelles/2025/stats-202504-fr.pdf
2025,5,Mai 2025,copropriete,1007,5.0,6160,10.0,487531,6.0,45,-12.0,4505,https://com.apciq.ca/fsmi-stats/mensuelles/2025/stats-202505-fr.pdf
2025,5,Mai 2025,plex,334,18.0,1464,-15.0,873750,5.0,47,-23.0,1244,https://com.apciq.ca/fsmi-stats/mensuelles/2025/stats-202505-fr.pdf
2025,6,Juin 2025,copropriete,934,16.0,6063,9.0,482500,7.0,47,-10.0,5433,https://com.apciq.ca/fsmi-stats/mensuelles/2025/stats-202506-fr.pdf
2025,6,Juin 2025,plex,253,-8.0,1467,-6.0,885000,7.0,48,-15.0,1496,https://com.apciq.ca/fsmi-stats/mensuelles/2025/stats-202506-fr.pdf
2025,7,Juillet 2025,copropriete,753,1.0,5940,10.0,470000,2.0,53,-11.0,6180,https://com.apciq.ca/fsmi-stats/mensuelles/2025/stats-202507-fr.pdf
2025,7,Juillet 2025,plex,268,38.0,1349,-11.0,835500,0.0,56,-13.0,1760,https://com.apciq.ca/fsmi-stats/mensuelles/2025/stats-202507-fr.pdf
2025,8,Août 2025,copropriete,645,3.0,5991,14.0,477500,4.0,55,-3.0,6821,https://com.apciq.ca/fsmi-stats/mensuelles/2025/stats-202508-fr.pdf
2025,8,Août 2025,plex,195,6.0,1390,-5.0,880500,9.0,56,-29.0,1953,https://com.apciq.ca/fsmi-stats/mensuelles/2025/stats-202508-fr.pdf
2025,9,Septembre 2025,copropriete,650,-2.0,6418,18.0,479250,4.0,54,-9.0,7471,https://com.apciq.ca/fsmi-stats/mensuelles/2025/stats-202509-fr.pdf
2025,9,Septembre 2025,plex,254,33.0,1529,0.0,885000,5.0,50,-19.0,2207,https://com.apciq.ca/fsmi-stats/mensuelles/2025/stats-202509-fr.pdf
2025,10,Octobre 2025,copropriete,767,-2.0,6547,19.0,490000,2.0,57,-1.0,8233,https://com.apciq.ca/fsmi-stats/mensuelles/2025/stats-202510-fr.pdf
2025,10,Octobre 2025,plex,286,21.0,1555,4.0,901250,7.0,52,-7.0,2488,https://com.apciq.ca/fsmi-stats/mensuelles/2025/stats-202510-fr.pdf
2025,11,Novembre 2025,copropriete,724,-10.0,6304,18.0,468000,-2.0,59,-3.0,8955,https://com.apciq.ca/fsmi-stats/mensuelles/2025/stats-202511-fr.pdf
2025,11,Novembre 2025,plex,308,16.0,1478,4.0,900000,8.0,59,-8.0,2795,https://com.apciq.ca/fsmi-stats/mensuelles/2025/stats-202511-fr.pdf
2025,12,Décembre 2025,copropriete,570,-15.0,5561,27.0,470000,1.0,68,-4.0,9520,https://com.apciq.ca/fsmi-stats/mensuelles/2025/stats-202512-fr.pdf
2025,12,Décembre 2025,plex,234,0.0,1263,11.0,889000,6.0,52,-20.0,3029,https://com.apciq.ca/fsmi-stats/mensuelles/2025/stats-202512-fr.pdf
2026,1,Janvier 2026,copropriete,493,-17.0,5697,18.0,465000,0.0,76,-2.0,493,https://apciqca-152af.kxcdn.com/wp-content/uploads/sites/4/2026/02/stats-202601-fr-1.pdf
2026,1,Janvier 2026,plex,150,6.0,1283,6.0,860000,3.0,71,5.0,150,https://apciqca-152af.kxcdn.com/wp-content/uploads/sites/4/2026/02/stats-202601-fr-1.pdf
2026,2,Février 2026,copropriete,791,-6.0,6249,19.0,475000,0.0,59,-3.0,1284,https://comapciqca-152af.kxcdn.com/fsmi-stats/mensuelles/2026/stats-202602.pdf
2026,2,Février 2026,plex,221,1.0,1367,9.0,935000,9.0,51,-21.0,371,https://comapciqca-152af.kxcdn.com/fsmi-stats/mensuelles/2026/stats-202602.pdf
2026,3,Mars 2026,copropriete,993,-2.0,6692,19.0,481000,0.0,54,-3.0,2277,https://comapciqca-152af.kxcdn.com/fsmi-stats/mensuelles/2026/stats-202603-fr.pdf
2026,3,Mars 2026,plex,267,3.0,1537,13.0,922000,2.0,56,-14.0,638,https://comapciqca-152af.kxcdn.com/fsmi-stats/mensuelles/2026/stats-202603-fr.pdf
2026,4,Avril 2026,copropriete,972,-7.0,6950,18.0,480000,1.0,56,5.0,3247,https://comapciqca-152af.kxcdn.com/fsmi-stats/mensuelles/2026/stats-202604-fr.pdf
2026,4,Avril 2026,plex,277,-4.0,1646,14.0,900000,5.0,48,-6.0,913,https://comapciqca-152af.kxcdn.com/fsmi-stats/mensuelles/2026/stats-202604-fr.pdf
2026,5,Mai 2026,copropriete,924,-8.0,7112,17.0,479000,-2.0,51,6.0,4169,https://comapciqca-152af.kxcdn.com/fsmi-stats/mensuelles/2026/stats-202605-fr.pdf
2026,5,Mai 2026,plex,294,-12.0,1669,15.0,908750,4.0,43,-4.0,1206,https://comapciqca-152af.kxcdn.com/fsmi-stats/mensuelles/2026/stats-202605-fr.pdf
2026,6,Juin 2026,copropriete,783,-16.0,7080,19.0,495809,3.0,52,5.0,4951,https://comapciqca-152af.kxcdn.com/fsmi-stats/mensuelles/2026/stats-202606-fr.pdf
2026,6,Juin 2026,plex,276,10.0,1676,19.0,920000,3.0,43,-6.0,1481,https://comapciqca-152af.kxcdn.com/fsmi-stats/mensuelles/2026/stats-202606-fr.pdf
2026,7,Juillet 2026,copropriete,582,-22.0,6800,17.0,480000,2.0,60,7.0,5532,https://apciqca-152af.kxcdn.com/wp-content/uploads/sites/4/2026/08/stats-202607-fr-1.pdf
2026,7,Juillet 2026,plex,229,-14.0,1578,18.0,910000,9.0,48,-9.0,1709,https://apciqca-152af.kxcdn.com/wp-content/uploads/sites/4/2026/08/stats-202607-fr-1.pdf
2026,8,Août 2026,copropriete,562,-12.0,6789,16.0,475000,0.0,72,17.0,6091,https://comapciqca-152af.kxcdn.com/fsmi-stats/mensuelles/2026/stats-202608-fr.pdf
2026,8,Août 2026,plex,179,-5.0,1622,18.0,870000,-1.0,54,-2.0,1888,https://comapciqca-152af.kxcdn.com/fsmi-stats/mensuelles/2026/stats-202608-fr.pdf
